Category,Platform,Source Type,URL,Status,Best Use
AI Assistants & Agents Tools,Medium,Free article post,https://medium.com/@sahilchandio2004/top-5-super-simple-ai-assistants-agents-tools-anyone-can-use-8731b0244336,Existing seed asset,AI assistants/agents support article
AI Assistants & Agents Tools,Medium,Free article post,https://medium.com/@sahilchandio860/top-5-next-level-ai-agents-tools-kids-love-too-50f4e7529b69?postPublishedType=initial,Existing seed asset,AI agents/tools support article
AI Assistants & Agents Tools,Forem,Free article post,https://open.forem.com/skye_wright_1443d44f7b6d1/top-5-more-easy-ai-agents-tools-for-fun-work-4f7a,Existing seed asset,AI agents/tools support article
Writing & Content Creation,Dev.to,Free article post,https://dev.to/skye_wright_1443d44f7b6d1/top-5-best-ai-tools-for-writing-content-creation-1bl2,Existing seed asset,Writing/content support article
Writing & Content Creation,Forem,Free article post,https://future.forem.com/skye_wright_1443d44f7b6d1/5-best-ai-copywriting-tools-that-dont-suck-in-2026-1a8c,Existing seed asset,Copywriting/content support article
Writing & Content Creation,Dev.to,Free article post,https://dev.to/sahil_vvvchandio_3b863/top-5-ai-blog-writing-tools-to-crush-deadlines-2026-4ck2,Existing seed asset,AI blog writing support article
"Design, Art & Creativity",Forem,Free article post,https://open.forem.com/sahil_vvvchandio_3b863/top-5-best-ai-tools-for-design-2cgo,Existing seed asset,AI design support article
"Design, Art & Creativity",Forem,Free article post,https://future.forem.com/sahil_vvvchandio_3b863/5-best-ai-tools-design-art-creativity-flux-canva-2026-em1,Existing seed asset,AI design/art support article
"Design, Art & Creativity",Forem,Free article post,https://vibe.forem.com/sahil_vvvchandio_3b863/best-5-ai-for-easy-designs-no-skills-needed-59i0,Existing seed asset,AI design support article
Video & Animation,Forem,Free article post,https://vibe.forem.com/skye_wright_1443d44f7b6d1/best-ai-for-easy-video-editing-animation-2026-fe6,Existing seed asset,AI video support article
Video & Animation,Forem,Free article post,https://zeroday.forem.com/skye_wright_1443d44f7b6d1/top-5-free-ai-video-makers-from-idea-to-viral-clip-1pfn,Existing seed asset,AI video maker support article
Video & Animation,Forem,Free article post,https://zeroday.forem.com/sahil_vvvchandio_3b863/5-ai-tools-to-animate-videos-like-a-pro-in-seconds-12la,Existing seed asset,AI animation support article
"Voice, Sound & Music",Forem,Free article post,https://design.forem.com/skye_wright_1443d44f7b6d1/5-ai-tools-that-make-pro-music-from-text-in-seconds-57op,Existing seed asset,AI music support article
"Voice, Sound & Music",Forem,Free article post,https://design.forem.com/sahil_vvvchandio_3b863/top-5-free-ai-sound-tools-create-hits-without-skills-4agj,Existing seed asset,AI sound/music support article
"Voice, Sound & Music",WebYourself,Free article post,https://webyourself.eu/posts/1725930,Existing seed asset,Voice/sound support post
Coding & Development,Substack,Free article post,https://open.substack.com/pub/sahilchandio/p/5-ai-tools-that-code-10x-faster-for?r=6d2z96&utm_campaign=post&utm_medium=web&showWelcomeOnShare=true,Existing seed asset,AI coding support article
Coding & Development,Substack,Free article post,https://open.substack.com/pub/sahilchandio1/p/top-5-free-ai-dev-tools-from-noob?r=6x2iys&utm_campaign=post&utm_medium=web&showWelcomeOnShare=true,Existing seed asset,AI dev tools support article
Coding & Development,Blogspot,Free article post,https://beyondtool.blogspot.com/2026/01/best-ai-coding-assistants-write-bug.html,Existing seed asset,AI coding assistant support article
Business & Productivity,Medium,Free article post,https://medium.com/@sahilchandio2004/top-5-free-ai-productivity-hacks-every-team-needs-e72037ac2097,Existing seed asset,AI productivity support article
Business & Productivity,Medium,Free article post,https://medium.com/@sahilchandio860/5-ai-tools-that-slash-work-hours-by-50-2026-tested-52b2bcf86bda,Existing seed asset,AI productivity support article
Business & Productivity,Substack,Free article post,https://open.substack.com/pub/sahilchandio/p/best-ai-for-business-save-hours-on?r=6d2z96&utm_campaign=post&utm_medium=web&showWelcomeOnShare=true,Existing seed asset,AI business support article
Everyday & Lifestyle,Medium,Free article post,https://medium.com/@sahilchandio2004/5-ai-tools-to-crush-your-daily-chaos-in-minutes-4c420a39a02d,Existing seed asset,AI lifestyle support article
Everyday & Lifestyle,Medium,Free article post,https://medium.com/@sahilchandio860/lazy-hack-5-ai-tricks-for-effortless-days-db15a416315d?postPublishedType=repub,Existing seed asset,AI lifestyle support article
Everyday & Lifestyle,Forem,Free article post,https://open.forem.com/skye_wright_1443d44f7b6d1/transform-mornings-top-5-ai-hacks-for-busy-lives-h45,Existing seed asset,AI lifestyle support article
Other / Experimental,Forem,Free article post,https://open.forem.com/sahil_vvvchandio_3b863/unlock-5-bold-ai-tools-for-next-level-experiments-1lmf,Existing seed asset,AI experimental support article
Other / Experimental,Dev.to,Free article post,https://dev.to/skye_wright_1443d44f7b6d1/5-experimental-ai-tools-that-redefine-your-work-in-2026-2n48,Existing seed asset,AI experimental support article
Other / Experimental,Forem,Free article post,https://vibe.forem.com/skye_wright_1443d44f7b6d1/5-pro-ai-tools-pushing-boundaries-tested-for-2026-3fmo,Existing seed asset,AI experimental support article
